[
  {
    "code": "KA-01",
    "region": "Koramangala",
    "city": "Bengaluru",
    "state": "Karnataka",
    "stateCode": "KA",
    "district": "Bengaluru Urban",
    "division": "Bengaluru Urban Division",
    "description": "The KA-01 Regional Transport Office (Koramangala RTO) handles vehicle registrations and transport services for this region in Bengaluru Urban district.",
    "established": "N/A",
    "address": "21st Main Road, Agara Village, 1st Sector, H.S.R. Layout, Bengaluru",
    "pinCode": "560102",
    "phone": "080-25533525, 080-25533545",
    "email": "rtobngc-ka@nic.in",
    "jurisdictionAreas": [
      "Adugodi",
      "Agara",
      "Anepalya",
      "Badami House",
      "Ballepurpet",
      "Bamboo Bazar",
      "Chamarajpet",
      "Chickpet",
      "Chikka Adugodi",
      "Chikkamadivala",
      "Cubbon Park",
      "Cubbonpet",
      "Doddapet",
      "Ejipura",
      "H.S.R. Layout",
      "Holsurpet",
      "Hombegowdanagar",
      "John Nagar",
      "K.G. Circle",
      "K.R. Circle",
      "K.S.C.A. Stadium",
      "Kalasipalyam",
      "Kattapalya",
      "Koramangala",
      "Kumaragundi",
      "Lalbagh",
      "Langford Garden",
      "Langford Road",
      "Langford Town",
      "Maciver Town",
      "Manavarthipet",
      "Mavalli",
      "Mestripalya",
      "Parvathipuram",
      "Raj Bhavan",
      "Ranasingh Pet",
      "Ravindra Kalakshetra",
      "Richmond Circle",
      "Sampigehalli Extension",
      "Shankarapuram",
      "Shanthinagar",
      "Shinavagal",
      "Sudhamanagar",
      "Sultanpet",
      "Town Hall",
      "Unity Building",
      "Upparahalli",
      "Vanivilas Circle",
      "Vegetable Garden",
      "Victory Hall",
      "Vidhana Soudha",
      "Visveswarapuram"
    ]
  },
  {
    "code": "KA-02",
    "region": "Rajajinagar",
    "city": "Bengaluru",
    "state": "Karnataka",
    "stateCode": "KA",
    "district": "Bengaluru Urban",
    "division": "Bengaluru Urban Division",
    "description": "The KA-02 Regional Transport Office (Rajajinagar RTO) handles vehicle registrations and transport services for this region in Bengaluru Urban district.",
    "established": "N/A",
    "address": "Rajajinagar Shopping Complex, Bengaluru (West)",
    "pinCode": "560010",
    "phone": "080-23324388",
    "email": "rtobngw-ka@nic.in",
    "jurisdictionAreas": [
      "A.S. Chari Street",
      "Agrahara Dasarahalli",
      "Akkipet",
      "Anjanappa Gardens",
      "Aralepet",
      "Asiantic Buildings",
      "Bapujinagar",
      "Basaveswaranagar",
      "Bashyamnagar",
      "Bhashyam Road",
      "Binnypet",
      "Binyston Garden",
      "Bovipalya",
      "Central Jail",
      "Chickpet Road",
      "Chokkasandra",
      "Cholanayakanahalli",
      "Cholarapalya",
      "Dasarahalli",
      "Dayanandanagar",
      "Erappa Block",
      "Gandhinagar",
      "Gayathri Nagar",
      "Goodshed Road",
      "Gopalapura",
      "Guddahalli",
      "Herohalli",
      "Hosalli",
      "Hosalli Extension",
      "Hurtupet",
      "Jagajeevanram Nagar",
      "Jalandhi Palya",
      "Jodihally",
      "Kamakshipalya",
      "Karnataka Housing Board Colony",
      "Kempapura Agrahara",
      "Kempegowda Road",
      "Kethamaranahalli",
      "Kotirayagutta",
      "Krishna Iyengar Road",
      "Laggere",
      "LIC Colony",
      "Madabalu Hobli",
      "Magadi Chord Road Layout",
      "Magadi Kasaba",
      "Mahalakshmi Extension",
      "Mariyappanapalya",
      "Maruthi Extension",
      "Milk Colony",
      "Moodalapalya",
      "Nagappa Block",
      "Okalipura",
      "Padarayanapura",
      "Peenya",
      "Play Ground",
      "Rajajinagar",
      "Ramachandrapura",
      "Rayapuram",
      "Royan Road",
      "Saniguruvanahalli",
      "Sarvodayanagara",
      "Shivanahalli",
      "Shivapura",
      "Sri Gandadakaval",
      "Srigandhadakaval Higgenahalli",
      "Sriramapuram",
      "Subramanya Nagar",
      "Sunkadakatte",
      "Swantatrapalya",
      "Tank Bund Road",
      "Tavarekere",
      "Turukara Palya",
      "Upparpet",
      "Vaddarapalya",
      "Vijayanagar"
    ]
  },
  {
    "code": "KA-03",
    "region": "Kasturi Nagar",
    "city": "Bengaluru",
    "state": "Karnataka",
    "stateCode": "KA",
    "district": "Bengaluru Urban",
    "division": "Bengaluru Urban Division",
    "description": "The KA-03 Regional Transport Office (Kasturi Nagar RTO) handles vehicle registrations and transport services for this region in Bengaluru Urban district.",
    "established": "N/A",
    "address": "CA-15, N.G.E.F, East, Kasturi Nagar, Bengaluru (East)",
    "pinCode": "560043",
    "phone": "080-29735190",
    "email": "rtobnge-ka@nic.in",
    "jurisdictionAreas": [
      "Agaram",
      "Appareddy Palya",
      "Ashoknagar",
      "Austin Town",
      "Bangalore East Railway Station",
      "Byappanahalli",
      "Challaghatta",
      "Chikkabanasawadi",
      "Church Road",
      "Cleveland Town",
      "Coles Park",
      "Commercial Street",
      "Cooks Town",
      "Cox Town",
      "Dickenson Road",
      "Doddakunte",
      "Dommalur Extension",
      "Dukanahalli",
      "Elagondana Palya",
      "Frazer Town",
      "Gandhi Statue",
      "Gouthampura",
      "Grass Farm",
      "Hainess Road",
      "Indiranagar",
      "Jeevan Bheema Nagar",
      "Jeevanahalli",
      "Jogupalyam",
      "Kadram Palya",
      "Kallenahalli",
      "Kammanahalli",
      "Kodihalli",
      "Lingamangala",
      "Lingarajapura",
      "Machali Betta",
      "Madavaraya Mudaliyar Road",
      "Maruthi Sevanagar",
      "Murphy Town",
      "Nagannanapalya",
      "Neelasandra",
      "Parade Grounds",
      "Pillamma Garden Extension",
      "Richards Town",
      "Richmond Town",
      "Sevanagar",
      "Someswarapura",
      "St. Johns Town",
      "Subbayyapalya",
      "Thippasandra",
      "Trinity Circle",
      "Ukada Palya",
      "Ulsoor",
      "Vannarpet",
      "Veerapilly Street",
      "Viveknagar"
    ]
  },
  {
    "code": "KA-04",
    "region": "Yeshwanthpur",
    "city": "Bengaluru",
    "state": "Karnataka",
    "stateCode": "KA",
    "district": "Bengaluru Urban",
    "division": "Bengaluru Urban Division",
    "description": "The KA-04 Regional Transport Office (Yeshwanthpur RTO) handles vehicle registrations and transport services for this region in Bengaluru Urban district.",
    "established": "N/A",
    "address": "3rd Floor, Shopping Complex, Railway Station Road, Yeshwanthpur, Bengaluru (North)",
    "pinCode": "560022",
    "phone": "080-23376039, 080-23371538",
    "email": "rtobngn-ka@nic.in",
    "jurisdictionAreas": [
      "Ananda Rao Circle",
      "Annayappa Block",
      "Ashoknagar",
      "Bengaluru Cantonment",
      "Benson Town",
      "Bhupasandra",
      "Chikkabanavara",
      "Chinnappa Garden",
      "Cholanayakanahalli",
      "Devarajeevanahalli",
      "Devasandra",
      "Dinnur",
      "Diwanarapalya",
      "Dobbaspet",
      "Gangamma Circle",
      "Gangenahalli",
      "Geddalahalli",
      "Govindapura",
      "Guddadahlli",
      "Guttahalli",
      "Hanumanthapuram",
      "Hebbal",
      "High Ground",
      "I.T.I. Colony",
      "Jalahalli (East)",
      "Jayamahal",
      "Kaval Byrasandra",
      "Kempapura",
      "Kempegowda Tower",
      "Kodandaramapuram",
      "Kumara Park",
      "Madigarpalya",
      "Malleswaram",
      "Mannarayanapalya",
      "Mariyannanapalya",
      "Matadahalli",
      "Mathikere",
      "Medaralingapalya",
      "Munireddy Palya",
      "Nagashetti Halli",
      "Nehru Nagar",
      "P & T Colony",
      "Palace Orchard",
      "Platform Road",
      "Pottary Town",
      "Purnapuram Gokula Extension",
      "Race Course",
      "Race Course Road",
      "Rajamahal Vilas Extension",
      "Ranganathapuram",
      "Sachdananda Nagar",
      "Seshadripuram",
      "Shampura",
      "Shivajinagar",
      "Sripuram",
      "Subedar Chatram Road",
      "Subedarpalya",
      "Tasker Town",
      "Upparahalli",
      "Vasanthanagar",
      "Veerannanapalya",
      "Venkatarangapuram",
      "Viswanathanagarahalli",
      "Vyalikaval",
      "Williams Town",
      "Yeshwanthapura"
    ]
  },
  {
    "code": "KA-05",
    "region": "Jayanagar",
    "city": "Bengaluru",
    "state": "Karnataka",
    "stateCode": "KA",
    "district": "Bengaluru Urban",
    "division": "Bengaluru Urban Division",
    "description": "The KA-05 Regional Transport Office (Jayanagar RTO) handles vehicle registrations and transport services for this region in Bengaluru Urban district.",
    "established": "N/A",
    "address": "Jayanagar Shopping Complex, 4th Block, Bengaluru (South)",
    "pinCode": "560011",
    "phone": "080-26630989, 080-26633853",
    "email": "rtobngs-ka@nic.in",
    "jurisdictionAreas": [
      "Arjanapura",
      "Ashokanagar",
      "Avalahalli",
      "Banashankari",
      "Banashankari II Stage",
      "Banashankari Layout",
      "Bank Colony",
      "BTM Layout 1st Stage",
      "Bannerghatta Road",
      "Byrasandra Extension",
      "Chikka Kalasandra",
      "Chikkalasandra",
      "Chinnayanapalya",
      "Gavipuram Extension",
      "Hosakere Halli",
      "Ittimadu",
      "J.P. Nagar 6th to 8th Stage",
      "Jayanagar",
      "Jayanagar Extension",
      "Jayatarayanapuram",
      "John Nagar",
      "Kadarenahalli",
      "Kanakapura Road",
      "Karisandra",
      "Kathreguppe",
      "Kattalpalya",
      "Konanakunte",
      "Kothanurdinne",
      "Kumaraswamy Layout",
      "Model House Block Colony",
      "Padmanabha Nagar",
      "Puttenahalli",
      "RBI Layout",
      "Sarakki Layout",
      "Siddapura",
      "Sonnenahalli",
      "Talagattapura",
      "Tata Silk Farm",
      "Thavarekere",
      "Thayappanahalli",
      "Thyagarajanagara",
      "Yadiyur",
      "Yadiyur Nagasandra",
      "Yalachenahalli"
    ]
  },
  {
    "code": "KA-06",
    "region": "Tumkur",
    "city": "Tumkur",
    "state": "Karnataka",
    "stateCode": "KA",
    "district": "Tumakuru",
    "division": "Bengaluru Rural Division",
    "description": "The KA-06 Regional Transport Office (Tumkur RTO) handles vehicle registrations and transport services for this region in Tumakuru district.",
    "established": "N/A",
    "address": "B.H. Road, Tumkur",
    "pinCode": "572101",
    "phone": "0816-2278473, 0816-2277644, 0816-2276444",
    "email": "rtotmkr-ka@nic.in",
    "jurisdictionAreas": [
      "Tumakuru",
      "Kunigal",
      "Gubbi"
    ]
  },
  {
    "code": "KA-07",
    "region": "Kolar",
    "city": "Kolar",
    "state": "Karnataka",
    "stateCode": "KA",
    "district": "Kolar",
    "division": "Bengaluru Rural Division",
    "description": "The KA-07 Regional Transport Office (Kolar RTO) handles vehicle registrations and transport services for this region in Kolar district.",
    "established": "N/A",
    "address": "Sarige Soudha, Bangarpet Main Road, Kolar",
    "pinCode": "563101",
    "phone": "08152-222039",
    "email": "rtoklr-ka@nic.in",
    "jurisdictionAreas": [
      "Kolar",
      "Srinivasapura",
      "Mulbagal"
    ]
  },
  {
    "code": "KA-08",
    "region": "KGF",
    "city": "KGF",
    "state": "Karnataka",
    "stateCode": "KA",
    "district": "Kolar",
    "division": "Bengaluru Rural Division",
    "description": "The KA-08 Assistant Regional Transport Office (KGF ARTO) handles vehicle registrations and transport services for this region in Kolar district.",
    "established": "N/A",
    "address": "Coromandel, K.G.F",
    "pinCode": "563122",
    "phone": "08153-260214",
    "email": "artokgf-ka@nic.in",
    "jurisdictionAreas": [
      "K.G.F. Town",
      "Bangarpet",
      "Malur"
    ]
  },
  {
    "code": "KA-09",
    "region": "Mysuru West",
    "city": "Mysuru West",
    "state": "Karnataka",
    "stateCode": "KA",
    "district": "Mysuru",
    "division": "Mysore Division",
    "description": "The KA-09 Regional Transport Office (Mysuru West RTO) handles vehicle registrations and transport services for this region in Mysuru district.",
    "established": "N/A",
    "address": "Chamarajapuram, Mysore (West)",
    "pinCode": "570005",
    "phone": "0821-2330364, 0821-2334430",
    "email": "rtomysw-ka@nic.in",
    "jurisdictionAreas": [
      "Nanjangud Taluk",
      "Bengaluru-Mysuru Road via Bannimantap",
      "Sayyaji Rao Road",
      "Chamundipuram Circle",
      "Vidyaranyapuram-Nanjanagud Link Road Areas"
    ]
  },
  {
    "code": "KA-10",
    "region": "Chamarajanagar",
    "city": "Chamarajanagar",
    "state": "Karnataka",
    "stateCode": "KA",
    "district": "Chamarajanagar",
    "division": "Mysuru Division",
    "description": "The KA-10 Regional Transport Office (Chamarajanagar RTO) handles vehicle registrations and transport services for this region in Chamarajanagar district.",
    "established": "N/A",
    "address": "Near Railway Station Road, Chamarajanagar",
    "pinCode": "571313",
    "phone": "08226-222444",
    "email": "rtochmgr-ka@nic.in",
    "jurisdictionAreas": [
      "Chamarajanagar",
      "Kollegal",
      "Gundlupet",
      "Yelandur"
    ]
  },
  {
    "code": "KA-11",
    "region": "Mandya",
    "city": "Mandya",
    "state": "Karnataka",
    "stateCode": "KA",
    "district": "Mandya",
    "division": "Mysuru Division",
    "description": "The KA-11 Regional Transport Office (Mandya RTO) handles vehicle registrations and transport services for this region in Mandya district.",
    "established": "N/A",
    "address": "Near Deputy Commissioners Office, Mandya",
    "pinCode": "571401",
    "phone": "08232-220031",
    "email": "rtomndy-ka@nic.in",
    "jurisdictionAreas": [
      "Malavalli",
      "Maddur",
      "Mandya",
      "Srirangapatna",
      "Pandava Pura"
    ]
  },
  {
    "code": "KA-12",
    "region": "Madikeri",
    "city": "Madikeri",
    "state": "Karnataka",
    "stateCode": "KA",
    "district": "Kodagu",
    "division": "Mysuru Division",
    "description": "The KA-12 Regional Transport Office (Madikeri RTO) handles vehicle registrations and transport services for this region in Kodagu district.",
    "established": "N/A",
    "address": "Sunny Side, General Thimmaiah Road, Madikeri",
    "pinCode": "571201",
    "phone": "08272-298785",
    "email": "rtomdkr-ka@nic.in",
    "jurisdictionAreas": [
      "Madikeri",
      "Somavarpet",
      "Virajpet"
    ]
  },
  {
    "code": "KA-13",
    "region": "Hassan",
    "city": "Hassan",
    "state": "Karnataka",
    "stateCode": "KA",
    "district": "Hassan",
    "division": "Mysuru Division",
    "description": "The KA-13 Regional Transport Office (Hassan RTO) handles vehicle registrations and transport services for this region in Hassan district.",
    "established": "N/A",
    "address": "B.Kathihalli, Arasikere Road, Hassan",
    "pinCode": "573201",
    "phone": "08172-240660, 08172-240514",
    "email": "rtohasn-ka@nic.in",
    "jurisdictionAreas": [
      "Hassan",
      "Arasikere",
      "Holenarasipura",
      "Channarayapatna",
      "Arakalgud"
    ]
  },
  {
    "code": "KA-14",
    "region": "Shivamogga",
    "city": "Shivamogga",
    "state": "Karnataka",
    "stateCode": "KA",
    "district": "Shivamogga",
    "division": "Shivamogga Division",
    "description": "The KA-14 Regional Transport Office (Shivamogga RTO) handles vehicle registrations and transport services for this region in Shivamogga district.",
    "established": "N/A",
    "address": "Sowlang Road, Old D.C Office Compound, Shivamogga",
    "pinCode": "577201",
    "phone": "08182-222209",
    "email": "rtosmg-ka@nic.in",
    "jurisdictionAreas": [
      "Shivamogga",
      "Bhadravathi",
      "Theerthahalli"
    ]
  },
  {
    "code": "KA-15",
    "region": "Sagar",
    "city": "Sagar",
    "state": "Karnataka",
    "stateCode": "KA",
    "district": "Shivamogga",
    "division": "Shivamogga Division",
    "description": "The KA-15 Assistant Regional Transport Office (Sagar ARTO) handles vehicle registrations and transport services for this region in Shivamogga district.",
    "established": "N/A",
    "address": "Ikkeri Road, Sagar",
    "pinCode": "577401",
    "phone": "08183-226276",
    "email": "artosgr-ka@nic.in",
    "jurisdictionAreas": [
      "Sagar",
      "Soraba",
      "Shikaripura",
      "Hosanagar"
    ]
  },
  {
    "code": "KA-16",
    "region": "Chitradurga",
    "city": "Chitradurga",
    "state": "Karnataka",
    "stateCode": "KA",
    "district": "Chitradurga",
    "division": "Shivamogga Division",
    "description": "The KA-16 Regional Transport Office (Chitradurga RTO) handles vehicle registrations and transport services for this region in Chitradurga district.",
    "established": "N/A",
    "address": "NH-4, Deviation Road, Chitradurga",
    "pinCode": "577501",
    "phone": "08194-230434, 08194-231894",
    "email": "rtoctg-ka@nic.in",
    "jurisdictionAreas": [
      "Chitradurga",
      "Holalkere",
      "Challakere",
      "Molakalmuru",
      "Hosadurga",
      "Hiriyur"
    ]
  },
  {
    "code": "KA-17",
    "region": "Davanagere",
    "city": "Davanagere",
    "state": "Karnataka",
    "stateCode": "KA",
    "district": "Davanagere",
    "division": "Shivamogga Division",
    "description": "The KA-17 Regional Transport Office (Davanagere RTO) handles vehicle registrations and transport services for this region in Davanagere district.",
    "established": "N/A",
    "address": "Devaraj Urs Layout, Davanagere",
    "pinCode": "577006",
    "phone": "08192-259848, 08192-232023",
    "email": "rtodvg-ka@nic.in",
    "jurisdictionAreas": [
      "Davanagere",
      "Harihara",
      "Honnali",
      "Channagiri",
      "Jagaluru",
      "Harapanahalli"
    ]
  },
  {
    "code": "KA-18",
    "region": "Chikmagalur",
    "city": "Chikmagalur",
    "state": "Karnataka",
    "stateCode": "KA",
    "district": "Chikkamagaluru",
    "division": "Shivamogga Division",
    "description": "The KA-18 Regional Transport Office (Chikmagalur RTO) handles vehicle registrations and transport services for this region in Chikkamagaluru district.",
    "established": "N/A",
    "address": "M.L. Vasudeva Murthy Building, Hosmane Extension, Chikmagalur",
    "pinCode": "577102",
    "phone": "08262-220366",
    "email": "rtockm-ka@nic.in",
    "jurisdictionAreas": [
      "Chikkamagaluru",
      "Kadur",
      "Mudigere",
      "Koppa",
      "Sringeri",
      "N.R. Pura"
    ]
  },
  {
    "code": "KA-19",
    "region": "Mangalore",
    "city": "Mangalore",
    "state": "Karnataka",
    "stateCode": "KA",
    "district": "Dakshina Kannada",
    "division": "Shivamogga Division",
    "description": "The KA-19 Regional Transport Office (Mangalore RTO) handles vehicle registrations and transport services for this region in Dakshina Kannada district.",
    "established": "N/A",
    "address": "Hampankatta, Nehru Maidan Road, East A.B. Shetty Circle, Mangaluru",
    "pinCode": "575001",
    "phone": "0824-2220577",
    "email": "rtomng-ka@nic.in",
    "jurisdictionAreas": [
      "Mangaluru",
      "B.C. Road",
      "Moodabidire"
    ]
  },
  {
    "code": "KA-20",
    "region": "Udupi",
    "city": "Udupi",
    "state": "Karnataka",
    "stateCode": "KA",
    "district": "Udupi",
    "division": "Shivamogga Division",
    "description": "The KA-20 Regional Transport Office (Udupi RTO) handles vehicle registrations and transport services for this region in Udupi district.",
    "established": "N/A",
    "address": "Sarige Sowdha, Rajatadri, Manipal, Udupi",
    "pinCode": "576103",
    "phone": "0820-2575137",
    "email": "rtoudp-ka@nic.in",
    "jurisdictionAreas": [
      "Udupi",
      "Kundapura",
      "Karkala",
      "Brahmavar"
    ]
  },
  {
    "code": "KA-21",
    "region": "Puttur",
    "city": "Puttur",
    "state": "Karnataka",
    "stateCode": "KA",
    "district": "Dakshina Kannada",
    "division": "Shivamogga Division",
    "description": "The KA-21 Regional Transport Office (Puttur RTO) handles vehicle registrations and transport services for this region in Dakshina Kannada district.",
    "established": "N/A",
    "address": "Opp: K.E.B Office, Bannur, Puttur D.K.",
    "pinCode": "574203",
    "phone": "08251-230729",
    "email": "rtoptr-ka@nic.in",
    "jurisdictionAreas": [
      "Puttur",
      "Sulya"
    ]
  },
  {
    "code": "KA-22",
    "region": "Belagavi",
    "city": "Belagavi",
    "state": "Karnataka",
    "stateCode": "KA",
    "district": "Belagavi",
    "division": "Belagavi Division",
    "description": "The KA-22 Regional Transport Office (Belagavi RTO) handles vehicle registrations and transport services for this region in Belagavi district.",
    "established": "N/A",
    "address": "Sangolli Rayanna Circle, Shivaji Nagar, Belagavi",
    "pinCode": "590016",
    "phone": "0831-2465503, 0831-2404759",
    "email": "rtobgm-ka@nic.in",
    "jurisdictionAreas": [
      "Belagavi",
      "Khanapur"
    ]
  },
  {
    "code": "KA-23",
    "region": "Chikkodi",
    "city": "Chikkodi",
    "state": "Karnataka",
    "stateCode": "KA",
    "district": "Belagavi",
    "division": "Belagavi Division",
    "description": "The KA-23 Regional Transport Office (Chikkodi RTO) handles vehicle registrations and transport services for this region in Belagavi district.",
    "established": "N/A",
    "address": "N M Road, Chikkodi",
    "pinCode": "591201",
    "phone": "08338-272241, 08338-274129",
    "email": "rtockd-ka@nic.in",
    "jurisdictionAreas": [
      "Chikkodi",
      "Raibagh",
      "Athani",
      "Sankeswara"
    ]
  },
  {
    "code": "KA-24",
    "region": "Bailhongal",
    "city": "Bailhongal",
    "state": "Karnataka",
    "stateCode": "KA",
    "district": "Belagavi",
    "division": "Belagavi Division",
    "description": "The KA-24 Assistant Regional Transport Office (Bailhongal ARTO) handles vehicle registrations and transport services for this region in Belagavi district.",
    "established": "N/A",
    "address": "Devalapur Road, Near Carmel Convent, Bailhongal",
    "pinCode": "591102",
    "phone": "08288-233288, 08288-292412",
    "email": "artoblng-ka@nic.in",
    "jurisdictionAreas": [
      "Bailahongala",
      "Savadatti",
      "Ramadurga"
    ]
  },
  {
    "code": "KA-25",
    "region": "Dharwad",
    "city": "Dharwad",
    "state": "Karnataka",
    "stateCode": "KA",
    "district": "Dharwad",
    "division": "Belagavi Division",
    "description": "The KA-25 Regional Transport Office (Dharwad RTO) handles vehicle registrations and transport services for this region in Dharwad district.",
    "established": "N/A",
    "address": "Navanagar Post, Hubli-Dharwad Road, Dharwad",
    "pinCode": "580001",
    "phone": "0836-2233929, 2233925, 2233920",
    "email": "rtodwd-ka@nic.in",
    "jurisdictionAreas": [
      "Dharwad"
    ]
  },
  {
    "code": "KA-26",
    "region": "Gadag",
    "city": "Gadag",
    "state": "Karnataka",
    "stateCode": "KA",
    "district": "Gadag",
    "division": "Belagavi Division",
    "description": "The KA-26 Regional Transport Office (Gadag RTO) handles vehicle registrations and transport services for this region in Gadag district.",
    "established": "N/A",
    "address": "Haveri Road, Near Anjuman College, Gadag",
    "pinCode": "582102",
    "phone": "08372-297219",
    "email": "rtogdg-ka@nic.in",
    "jurisdictionAreas": [
      "Gadag",
      "Mundaragi",
      "Shirahatti",
      "Naragunda",
      "Rona"
    ]
  },
  {
    "code": "KA-27",
    "region": "Haveri",
    "city": "Haveri",
    "state": "Karnataka",
    "stateCode": "KA",
    "district": "Haveri",
    "division": "Belagavi Division",
    "description": "The KA-27 Regional Transport Office (Haveri RTO) handles vehicle registrations and transport services for this region in Haveri district.",
    "established": "N/A",
    "address": "Hubballi Road, Haveri",
    "pinCode": "581110",
    "phone": "08375-232299",
    "email": "rtohvr-ka@nic.in",
    "jurisdictionAreas": [
      "Haveri",
      "Hanagal",
      "Shiggao",
      "Savanoor"
    ]
  },
  {
    "code": "KA-28",
    "region": "Vijayapura",
    "city": "Vijayapura",
    "state": "Karnataka",
    "stateCode": "KA",
    "district": "Vijayapura",
    "division": "Belagavi Division",
    "description": "The KA-28 Regional Transport Office (Vijayapura RTO) handles vehicle registrations and transport services for this region in Vijayapura district.",
    "established": "N/A",
    "address": "Bagalkot Road, Vijayapura",
    "pinCode": "586101",
    "phone": "08352-276228, 276218",
    "email": "rtobjp-ka@nic.in",
    "jurisdictionAreas": [
      "Vijayapura",
      "Muddebihal",
      "Basavana Bagewadi",
      "Indi",
      "Sindhagi"
    ]
  },
  {
    "code": "KA-29",
    "region": "Bagalkot",
    "city": "Bagalkot",
    "state": "Karnataka",
    "stateCode": "KA",
    "district": "Bagalkot",
    "division": "Belagavi Division",
    "description": "The KA-29 Regional Transport Office (Bagalkot RTO) handles vehicle registrations and transport services for this region in Bagalkot district.",
    "established": "N/A",
    "address": "Station Road Extension Area, Navanagar, Bagalkot",
    "pinCode": "577101",
    "phone": "08354-235275, 235276",
    "email": "rtobgkt-ka@nic.in",
    "jurisdictionAreas": [
      "Bagalkot",
      "Hunagund",
      "Bilagi",
      "Badami"
    ]
  },
  {
    "code": "KA-30",
    "region": "Karwar",
    "city": "Karwar",
    "state": "Karnataka",
    "stateCode": "KA",
    "district": "Uttara Kannada",
    "division": "Belagavi Division",
    "description": "The KA-30 Regional Transport Office (Karwar RTO) handles vehicle registrations and transport services for this region in Uttara Kannada district.",
    "established": "N/A",
    "address": "Near PWD Inspection Bungalow, Karwar",
    "pinCode": "581301",
    "phone": "08382-226364, 229249",
    "email": "rtokwr-ka@nic.in",
    "jurisdictionAreas": [
      "Karwar",
      "Joida",
      "Ankola"
    ]
  },
  {
    "code": "KA-31",
    "region": "Sirsi",
    "city": "Sirsi",
    "state": "Karnataka",
    "stateCode": "KA",
    "district": "Uttara Kannada",
    "division": "Belagavi Division",
    "description": "The KA-31 Regional Transport Office (Sirsi RTO) handles vehicle registrations and transport services for this region in Uttara Kannada district.",
    "established": "N/A",
    "address": "Basaveshwara Colony, Uttara Kannada, Sirsi",
    "pinCode": "581402",
    "phone": "08384-233090, 234259",
    "email": "rtosrs-ka@nic.in",
    "jurisdictionAreas": [
      "Sirsi",
      "Siddapura",
      "Yellapura",
      "Mundagod",
      "Haliyal",
      "Dandeli"
    ]
  },
  {
    "code": "KA-32",
    "region": "Kalaburagi",
    "city": "Kalaburagi",
    "state": "Karnataka",
    "stateCode": "KA",
    "district": "Kalaburagi",
    "division": "Kalaburagi Division",
    "description": "The KA-32 Regional Transport Office (Kalaburagi RTO) handles vehicle registrations and transport services for this region in Kalaburagi district.",
    "established": "N/A",
    "address": "Rajapur Cross, Sedam Road, Kalaburagi",
    "pinCode": "585105",
    "phone": "08472-248805, 246926",
    "email": "rtoglbka@nic.in",
    "jurisdictionAreas": [
      "Kalaburagi",
      "Sedam",
      "Chittapur",
      "Chincholi",
      "Aland",
      "Jevargi",
      "Afzalpur"
    ]
  },
  {
    "code": "KA-33",
    "region": "Yadgir",
    "city": "Yadgir",
    "state": "Karnataka",
    "stateCode": "KA",
    "district": "Yadgir",
    "division": "Kalaburagi Division",
    "description": "The KA-33 Regional Transport Office (Yadgir RTO) handles vehicle registrations and transport services for this region in Yadgir district.",
    "established": "N/A",
    "address": "Near KSRTC Bus Depot, Station Area, Yadgir",
    "pinCode": "585201",
    "phone": "08473-252580",
    "email": "rtoydgrka@nic.in",
    "jurisdictionAreas": [
      "Yadgir",
      "Shahapur",
      "Surapura"
    ]
  },
  {
    "code": "KA-34",
    "region": "Ballari",
    "city": "Ballari",
    "state": "Karnataka",
    "stateCode": "KA",
    "district": "Ballari",
    "division": "Kalaburagi Division",
    "description": "The KA-34 Regional Transport Office (Ballari RTO) handles vehicle registrations and transport services for this region in Ballari district.",
    "established": "N/A",
    "address": "Hospet Road, Cantonment, Ballari",
    "pinCode": "583101",
    "phone": "08392-240048, 244116, 240038",
    "email": "rtoblr-ka@nic.in",
    "jurisdictionAreas": [
      "Ballari",
      "Siruguppa"
    ]
  },
  {
    "code": "KA-35",
    "region": "Hospet",
    "city": "Hospet",
    "state": "Karnataka",
    "stateCode": "KA",
    "district": "Vijayanagara",
    "division": "Kalaburagi Division",
    "description": "The KA-35 Regional Transport Office (Hospet RTO) handles vehicle registrations and transport services for this region in Vijayanagara district.",
    "established": "N/A",
    "address": "No.180, Near Harihara Road, Amaravathi, Hospet",
    "pinCode": "583201",
    "phone": "08394-230766, 231982",
    "email": "rtohsp-ka@nic.in",
    "jurisdictionAreas": [
      "Hospet",
      "Kudligi",
      "Sandur",
      "Hagaribommanahalli",
      "Hadagali"
    ]
  },
  {
    "code": "KA-36",
    "region": "Raichur",
    "city": "Raichur",
    "state": "Karnataka",
    "stateCode": "KA",
    "district": "Raichur",
    "division": "Kalaburagi Division",
    "description": "The KA-36 Regional Transport Office (Raichur RTO) handles vehicle registrations and transport services for this region in Raichur district.",
    "established": "N/A",
    "address": "Near KSRTC Depot, Mantralaya Road, Raichur",
    "pinCode": "584101",
    "phone": "08532-223329, 223094",
    "email": "rtorcr-ka@nic.in",
    "jurisdictionAreas": [
      "Raichur",
      "Manvi",
      "Sindhanur",
      "Lingasugur",
      "Devadurga"
    ]
  },
  {
    "code": "KA-37",
    "region": "Koppal",
    "city": "Koppal",
    "state": "Karnataka",
    "stateCode": "KA",
    "district": "Koppal",
    "division": "Kalaburagi Division",
    "description": "The KA-37 Regional Transport Office (Koppal RTO) handles vehicle registrations and transport services for this region in Koppal district.",
    "established": "N/A",
    "address": "APMC Yard, Koppal",
    "pinCode": "583231",
    "phone": "08539-220829, 225023",
    "email": "rtokpl-ka@nic.in",
    "jurisdictionAreas": [
      "Koppal",
      "Kushtagi",
      "Yelburga",
      "Gangavathi"
    ]
  },
  {
    "code": "KA-38",
    "region": "Bidar",
    "city": "Bidar",
    "state": "Karnataka",
    "stateCode": "KA",
    "district": "Bidar",
    "division": "Kalaburagi Division",
    "description": "The KA-38 Regional Transport Office (Bidar RTO) handles vehicle registrations and transport services for this region in Bidar district.",
    "established": "N/A",
    "address": "Near Airforce Gate, Bidar",
    "pinCode": "585401",
    "phone": "08482-226361",
    "email": "rtobdr-ka@nic.in",
    "jurisdictionAreas": [
      "Bidar",
      "Aurad"
    ]
  },
  {
    "code": "KA-39",
    "region": "Bhalki",
    "city": "Bhalki",
    "state": "Karnataka",
    "stateCode": "KA",
    "district": "Bidar",
    "division": "Kalaburagi Division",
    "description": "The KA-39 Assistant Regional Transport Office (Bhalki ARTO) handles vehicle registrations and transport services for this region in Bidar district.",
    "established": "N/A",
    "address": "Lokhande Building, Opp. Bheemanna Khandre Institute of Technology, Bhalki",
    "pinCode": "585328",
    "phone": "08484-262582, 262194",
    "email": "artoblkka@nic.in",
    "jurisdictionAreas": [
      "Bhalki",
      "Basavakalyana",
      "Humnabad"
    ]
  },
  {
    "code": "KA-40",
    "region": "Chikkaballapura",
    "city": "Chikkaballapura",
    "state": "Karnataka",
    "stateCode": "KA",
    "district": "Chikkaballapura",
    "division": "Bengaluru Rural Division",
    "description": "The KA-40 Regional Transport Office (Chikkaballapura RTO) handles vehicle registrations and transport services for this region in Chikkaballapura district.",
    "established": "N/A",
    "address": "Bengaluru Road, Chikkaballapura",
    "pinCode": "562101",
    "phone": "08156-270446",
    "email": "rtokar-ka@nic.in",
    "jurisdictionAreas": [
      "Chikkaballapura",
      "Gowribidanur",
      "Bagepalli",
      "Sidlaghatta",
      "Chintamani"
    ]
  },
  {
    "code": "KA-41",
    "region": "Jnanabharathi",
    "city": "Bengaluru",
    "state": "Karnataka",
    "stateCode": "KA",
    "district": "Bengaluru Urban",
    "division": "Bengaluru Urban Division",
    "description": "The KA-41 Regional Transport Office (Jnanabharathi RTO) handles vehicle registrations and transport services for this region in Bengaluru Urban district.",
    "established": "N/A",
    "address": "Railwaymen Layout, Near Upkar Layout, Mallathahalli, Bengaluru",
    "pinCode": "560056",
    "phone": "080-23286712, 23286713",
    "email": "rtojnbt-ka@nic.in",
    "jurisdictionAreas": [
      "Jnanabharathi",
      "Kengeri",
      "Rajarajeshwarinagar",
      "Nagarabhavi",
      "Mallathahalli",
      "Nayandahalli",
      "Hosakerehalli",
      "Ullal"
    ]
  },
  {
    "code": "KA-42",
    "region": "Ramanagara",
    "city": "Ramanagara",
    "state": "Karnataka",
    "stateCode": "KA",
    "district": "Ramanagara",
    "division": "Bengaluru Rural Division",
    "description": "The KA-42 Regional Transport Office (Ramanagara RTO) handles vehicle registrations and transport services for this region in Ramanagara district.",
    "established": "N/A",
    "address": "Near Ghousia College, Mysuru Road, Ramanagara",
    "pinCode": "562159",
    "phone": "080-2727347",
    "email": "rtormgm-ka@nic.in",
    "jurisdictionAreas": [
      "Ramanagara",
      "Channapatna",
      "Magadi",
      "Kanakapura"
    ]
  },
  {
    "code": "KA-43",
    "region": "Devanahalli",
    "city": "Bengaluru",
    "state": "Karnataka",
    "stateCode": "KA",
    "district": "Bengaluru Rural",
    "division": "Bengaluru Urban Division",
    "description": "The KA-43 Assistant Regional Transport Office (Devanahalli ARTO) handles vehicle registrations and transport services for this region in Bengaluru Rural district.",
    "established": "N/A",
    "address": "Rani Cross, NH-7, Devanahalli",
    "pinCode": "562110",
    "phone": "080-29780046",
    "email": "artodhalli-ka@nic.in",
    "jurisdictionAreas": [
      "Devanahalli",
      "Doddaballapura"
    ]
  },
  {
    "code": "KA-44",
    "region": "Tiptur",
    "city": "Tiptur",
    "state": "Karnataka",
    "stateCode": "KA",
    "district": "Tumakuru",
    "division": "Bengaluru Rural Division",
    "description": "The KA-44 Assistant Regional Transport Office (Tiptur ARTO) handles vehicle registrations and transport services for this region in Tumakuru district.",
    "established": "N/A",
    "address": "Revenue Dept. Employees Society Building, Honnavar Road, Tiptur",
    "pinCode": "572201",
    "phone": "08134-254799",
    "email": "artotpt-ka@nic.in",
    "jurisdictionAreas": [
      "Tiptur",
      "Turuvekere",
      "Chikkanayakanahalli"
    ]
  },
  {
    "code": "KA-45",
    "region": "Hunsur",
    "city": "Hunsur",
    "state": "Karnataka",
    "stateCode": "KA",
    "district": "Mysuru",
    "division": "Mysuru Division",
    "description": "The KA-45 Assistant Regional Transport Office (Hunsur ARTO) handles vehicle registrations and transport services for this region in Mysuru district.",
    "established": "N/A",
    "address": "Cauvery Irrigation Nigama, No.1, HRBC Building, Hunsur",
    "pinCode": "571105",
    "phone": "08222-252699",
    "email": "artohnsr-ka@nic.in",
    "jurisdictionAreas": [
      "Hunsur",
      "Periyapatna",
      "H.D. Kote",
      "K.R. Nagar"
    ]
  },
  {
    "code": "KA-46",
    "region": "Sakleshpur",
    "city": "Sakleshpur",
    "state": "Karnataka",
    "stateCode": "KA",
    "district": "Hassan",
    "division": "Mysuru Division",
    "description": "The KA-46 Assistant Regional Transport Office (Sakleshpur ARTO) handles vehicle registrations and transport services for this region in Hassan district.",
    "established": "N/A",
    "address": "Baalegadde, Raghavendra Nagar, B.M Road, NH-48, Sakleshpur",
    "pinCode": "573314",
    "phone": "08173-230746",
    "email": "artoskpura-ka@nic.in",
    "jurisdictionAreas": [
      "Sakleshpur",
      "Alur",
      "Belur"
    ]
  },
  {
    "code": "KA-47",
    "region": "Honnavar",
    "city": "Honnavar",
    "state": "Karnataka",
    "stateCode": "KA",
    "district": "Uttara Kannada",
    "division": "Belagavi Division",
    "description": "The KA-47 Assistant Regional Transport Office (Honnavar ARTO) handles vehicle registrations and transport services for this region in Uttara Kannada district.",
    "established": "N/A",
    "address": "V.G. Pai Building, Ganapathi Tower, No.1267, Near NH-7, Kumta Road, Honnavar",
    "pinCode": "581334",
    "phone": "08387-220033",
    "email": "artohnr-ka@nic.in",
    "jurisdictionAreas": [
      "Honnavar",
      "Bhatkal",
      "Kumta"
    ]
  },
  {
    "code": "KA-48",
    "region": "Jamkhandi",
    "city": "Jamkhandi",
    "state": "Karnataka",
    "stateCode": "KA",
    "district": "Bagalkot",
    "division": "Belagavi Division",
    "description": "The KA-48 Assistant Regional Transport Office (Jamkhandi ARTO) handles vehicle registrations and transport services for this region in Bagalkot district.",
    "established": "N/A",
    "address": "Sri Deepak Basavaraj Katagi's Building, L.T.S. No.4941, APMC Yard, Jamkhandi",
    "pinCode": "587301",
    "phone": "08353-238040",
    "email": "artojmkd-ka@nic.in",
    "jurisdictionAreas": [
      "Jamkhandi",
      "Mudhol"
    ]
  },
  {
    "code": "KA-49",
    "region": "Gokak",
    "city": "Gokak",
    "state": "Karnataka",
    "stateCode": "KA",
    "district": "Belagavi",
    "division": "Belagavi Division",
    "description": "The KA-49 Assistant Regional Transport Office (Gokak ARTO) handles vehicle registrations and transport services for this region in Belagavi district.",
    "established": "N/A",
    "address": "Gokak, Belagavi District",
    "pinCode": "591307",
    "phone": "08332-224727",
    "email": "artogkk-ka@nic.in",
    "jurisdictionAreas": [
      "Gokak",
      "Gokak Hobali",
      "Parts of Hukkeri Taluk"
    ]
  },
  {
    "code": "KA-50",
    "region": "Yelahanka",
    "city": "Bengaluru",
    "state": "Karnataka",
    "stateCode": "KA",
    "district": "Bengaluru Urban",
    "division": "Bengaluru Urban Division",
    "description": "The KA-50 Regional Transport Office (Yelahanka RTO) handles vehicle registrations and transport services for this region in Bengaluru Urban district.",
    "established": "N/A",
    "address": "Survey No. 111, Singanayakanahalli Village, Yelahanka Hobli (North), Bengaluru",
    "pinCode": "560064",
    "phone": "080-29729909",
    "email": "rtoylnk-ka@nic.in",
    "jurisdictionAreas": [
      "Yelahanka",
      "Yelahanka New Town",
      "Jakkur",
      "Vidyaranyapura",
      "Sahakaranagara",
      "Hebbal",
      "GKVK"
    ]
  },
  {
    "code": "KA-51",
    "region": "Electronic City",
    "city": "Bengaluru",
    "state": "Karnataka",
    "stateCode": "KA",
    "district": "Bengaluru Urban",
    "division": "Bengaluru Urban Division",
    "description": "The KA-51 Regional Transport Office (Electronic City RTO) handles vehicle registrations and transport services for this region in Bengaluru Urban district.",
    "established": "N/A",
    "address": "Vijaya Bank Layout, BTM 4th Stage, 2nd Main, Devarachikkanahalli, Bengaluru",
    "pinCode": "560076",
    "phone": "080-29911921",
    "email": "rtocity-kar@nic.in",
    "jurisdictionAreas": [
      "Electronic City",
      "BTM Layout",
      "Bellandur",
      "Begur",
      "Bommanahalli",
      "Arakere",
      "Hosur Road"
    ]
  },
  {
    "code": "KA-52",
    "region": "Nelamangala",
    "city": "Bengaluru",
    "state": "Karnataka",
    "stateCode": "KA",
    "district": "Bengaluru Rural",
    "division": "Bengaluru Rural Division",
    "description": "The KA-52 Regional Transport Office (Nelamangala RTO) handles vehicle registrations and transport services for this region in Bengaluru Rural district.",
    "established": "N/A",
    "address": "Survey No. 63, Gowdahalli Village, Dasanapura Hobli, Bengaluru North",
    "pinCode": "562162",
    "phone": "080-29511295",
    "email": "rtonmg-ka@nic.in",
    "jurisdictionAreas": [
      "Nelamangala",
      "Dasanapura",
      "Dobaspet",
      "Hesaraghatta Hobli",
      "Thyamagondlu",
      "Arishinakunte"
    ]
  },
  {
    "code": "KA-53",
    "region": "KR Puram",
    "city": "Bengaluru",
    "state": "Karnataka",
    "stateCode": "KA",
    "district": "Bengaluru Urban",
    "division": "Bengaluru Urban Division",
    "description": "The KA-53 Regional Transport Office (KR Puram RTO) handles vehicle registrations and transport services for this region in Bengaluru Urban district.",
    "established": "N/A",
    "address": "No. 5/4, Bhattarahalli, Old Madras Road, K.R. Puram, Bengaluru",
    "pinCode": "560049",
    "phone": "080-25617951, 25617959",
    "email": "rtokrpur-ka@nic.in",
    "jurisdictionAreas": [
      "K.R. Puram",
      "Mahadevapura",
      "Whitefield",
      "ITPL",
      "Hoodi",
      "HBR Layout",
      "Hennur",
      "Hosakote"
    ]
  },
  {
    "code": "KA-54",
    "region": "Nagamangala",
    "city": "Nagamangala",
    "state": "Karnataka",
    "stateCode": "KA",
    "district": "Mandya",
    "division": "Mysuru Division",
    "description": "The KA-54 Assistant Regional Transport Office (Nagamangala ARTO) handles vehicle registrations and transport services for this region in Mandya district.",
    "established": "N/A",
    "address": "Nagamangala, Mandya District",
    "pinCode": "571432",
    "phone": "08234-285598",
    "email": "artongmg-ka@nic.in",
    "jurisdictionAreas": [
      "Nagamangala",
      "K.R. Pet"
    ]
  },
  {
    "code": "KA-55",
    "region": "Mysuru East",
    "city": "Mysuru East",
    "state": "Karnataka",
    "stateCode": "KA",
    "district": "Mysuru",
    "division": "Mysuru Division",
    "description": "The KA-55 Regional Transport Office (Mysuru East RTO) handles vehicle registrations and transport services for this region in Mysuru district.",
    "established": "N/A",
    "address": "Rajeev Nagar, Mysore",
    "pinCode": "570019",
    "phone": "0821-2570700",
    "email": "rtomyse-ka@nic.in",
    "jurisdictionAreas": [
      "T. Narasipura Taluk",
      "Bengaluru-Mysuru Road via Banni Mantapa",
      "Sayyajirao Road",
      "Chamundipura Circle",
      "Vidyaranyapuram-Nanjanagud Link Road",
      "Areas extending towards East"
    ]
  },
  {
    "code": "KA-56",
    "region": "Basavakalyan",
    "city": "Basavakalyan",
    "state": "Karnataka",
    "stateCode": "KA",
    "district": "Bidar",
    "division": "Kalaburagi Division",
    "description": "The KA-56 Assistant Regional Transport Office (Basavakalyan ARTO) handles vehicle registrations and transport services for this region in Bidar district.",
    "established": "N/A",
    "address": "Sastapura Bangare, NH9",
    "pinCode": "585437",
    "phone": "08481-256996",
    "email": "artobsklnka@nic.in",
    "jurisdictionAreas": [
      "Basavakalyan Taluk"
    ]
  },
  {
    "code": "KA-57",
    "region": "Shanthinagar",
    "city": "Bengaluru",
    "state": "Karnataka",
    "stateCode": "KA",
    "district": "Bengaluru Urban",
    "division": "Bengaluru Urban Division",
    "description": "The KA-57 Regional Transport Office (Shanthinagar RTO) handles vehicle registrations and transport services for this region in Bengaluru Urban district.",
    "established": "N/A",
    "address": "STU and Autorikshaws, Shanthinagar, Bengaluru",
    "pinCode": "560027",
    "phone": "080-22230051, 22230110",
    "email": "rtoarstu-ka@nic.in",
    "jurisdictionAreas": [
      "STU Vehicles",
      "Autorickshaws",
      "Shanthinagar Area"
    ]
  },
  {
    "code": "KA-58",
    "region": "Belagavi East",
    "city": "Belagavi East",
    "state": "Karnataka",
    "stateCode": "KA",
    "district": "Belagavi",
    "division": "Belagavi Division",
    "description": "The KA-58 Assistant Regional Transport Office (Belagavi East ARTO) handles vehicle registrations and transport services for this region in Belagavi district.",
    "established": "N/A",
    "address": "ARTO Office, Belagavi East, Belagavi",
    "pinCode": "590001",
    "phone": "0831-2470100",
    "email": "artobgmeka@nic.in",
    "jurisdictionAreas": [
      "Saundatti",
      "Ramdurg",
      "Parasgad"
    ]
  },
  {
    "code": "KA-59",
    "region": "Chandapura",
    "city": "Bengaluru",
    "state": "Karnataka",
    "stateCode": "KA",
    "district": "Bengaluru Urban",
    "division": "Bengaluru Urban Division",
    "description": "The KA-59 Regional Transport Office (Chandapura RTO) handles vehicle registrations and transport services for this region in Bengaluru Urban district.",
    "established": "N/A",
    "address": "No. 194 & 195, Anekal Main Road, Marasuru Village",
    "pinCode": "562106",
    "phone": "080-27827265",
    "email": "rto-chandapura@karnataka.gov.in",
    "jurisdictionAreas": [
      "Anekal Taluk",
      "Jigani",
      "Attibele",
      "Sarjapura",
      "Chandapura"
    ]
  },
  {
    "code": "KA-60",
    "region": "Yellapur",
    "city": "Yellapur",
    "state": "Karnataka",
    "stateCode": "KA",
    "district": "Uttara Kannada",
    "division": "Belagavi Division",
    "description": "The KA-60 Assistant Regional Transport Office (Yellapur ARTO) handles vehicle registrations and transport services for this region in Uttara Kannada district.",
    "established": "N/A",
    "address": "ARTO Office, Yellapur, Uttara Kannada",
    "pinCode": "581359",
    "phone": "08382-256100",
    "email": "artoukeka@nic.in",
    "jurisdictionAreas": [
      "Yellapur",
      "Mundgod",
      "Haliyal"
    ]
  },
  {
    "code": "KA-61",
    "region": "Karkala",
    "city": "Karkala",
    "state": "Karnataka",
    "stateCode": "KA",
    "district": "Udupi",
    "division": "Shivamogga Division",
    "description": "The KA-61 Assistant Regional Transport Office (Karkala ARTO) handles vehicle registrations and transport services for this region in Udupi district.",
    "established": "N/A",
    "address": "ARTO Office, Karkala, Udupi District",
    "pinCode": "574104",
    "phone": "08258-230100",
    "email": "artokrkla-ka@nic.in",
    "jurisdictionAreas": [
      "Karkala",
      "Kaup"
    ]
  },
  {
    "code": "KA-62",
    "region": "Sullia",
    "city": "Sullia",
    "state": "Karnataka",
    "stateCode": "KA",
    "district": "Dakshina Kannada",
    "division": "Shivamogga Division",
    "description": "The KA-62 Assistant Regional Transport Office (Sullia ARTO) handles vehicle registrations and transport services for this region in Dakshina Kannada district.",
    "established": "N/A",
    "address": "ARTO Office, Sullia, Dakshina Kannada District",
    "pinCode": "574239",
    "phone": "08257-230100",
    "email": "artosullia-ka@nic.in",
    "jurisdictionAreas": [
      "Sullia",
      "Kadaba"
    ]
  },
  {
    "code": "KA-63",
    "region": "Hubli",
    "city": "Hubli",
    "state": "Karnataka",
    "stateCode": "KA",
    "district": "Dharwad",
    "division": "Belagavi Division",
    "description": "The KA-63 Regional Transport Office (Hubli RTO) handles vehicle registrations and transport services for this region in Dharwad district.",
    "established": "N/A",
    "address": "Dharwad (East), Gabbur Cross, P.B. Road",
    "pinCode": "580001",
    "phone": "0836-2244550",
    "email": "rtodwdeast.63@ka.gov.in",
    "jurisdictionAreas": [
      "Hubli",
      "Dharwad East Areas"
    ]
  },
  {
    "code": "KA-64",
    "region": "Madhugiri",
    "city": "Madhugiri",
    "state": "Karnataka",
    "stateCode": "KA",
    "district": "Tumakuru",
    "division": "Bengaluru Rural Division",
    "description": "The KA-64 Assistant Regional Transport Office (Madhugiri ARTO) handles vehicle registrations and transport services for this region in Tumakuru district.",
    "established": "N/A",
    "address": "APMC Yard, Gauribidanur Road, Madhugiri",
    "pinCode": "572132",
    "phone": "08137-284222",
    "email": "rtomadugiri@gmail.com",
    "jurisdictionAreas": [
      "Madhugiri",
      "Sira",
      "Koratagere",
      "Pavagada"
    ]
  },
  {
    "code": "KA-65",
    "region": "Dandeli",
    "city": "Dandeli",
    "state": "Karnataka",
    "stateCode": "KA",
    "district": "Uttara Kannada",
    "division": "Belagavi Division",
    "description": "The KA-65 Assistant Regional Transport Office (Dandeli ARTO) handles vehicle registrations and transport services for this region in Uttara Kannada district.",
    "established": "N/A",
    "address": "Bombay Chawl, Dandeli Ferro Alloys Premises",
    "pinCode": "581325",
    "phone": "08284-230916",
    "email": "artodandeli@gmail.com",
    "jurisdictionAreas": [
      "Dandeli",
      "Joyda",
      "Haliyal"
    ]
  },
  {
    "code": "KA-66",
    "region": "Tarikere",
    "city": "Tarikere",
    "state": "Karnataka",
    "stateCode": "KA",
    "district": "Chikkamagaluru",
    "division": "Shivamogga Division",
    "description": "The KA-66 Assistant Regional Transport Office (Tarikere ARTO) handles vehicle registrations and transport services for this region in Chikkamagaluru district.",
    "established": "N/A",
    "address": "Raitha Bhavana, Taluk Agriculture Produce Co-operative marketing Society, Beside DySp Office, Bengaluru-Shivamogga Road, Tarikere",
    "pinCode": "577102",
    "phone": "",
    "email": "",
    "jurisdictionAreas": [
      "Tarikere Taluk"
    ]
  },
  {
    "code": "KA-67",
    "region": "Chintamani",
    "city": "Chintamani",
    "state": "Karnataka",
    "stateCode": "KA",
    "district": "Chikkaballapura",
    "division": "Bengaluru Rural Division",
    "description": "The KA-67 Assistant Regional Transport Office (Chintamani ARTO) handles vehicle registrations and transport services for this region in Chikkaballapura district.",
    "established": "N/A",
    "address": "A.No 780/744, W.No.8, Kannampalli, Chikkaballapur",
    "pinCode": "563125",
    "phone": "08154-298977",
    "email": "ka67arto@gmail.com",
    "jurisdictionAreas": [
      "Chintamani Taluk"
    ]
  },
  {
    "code": "KA-68",
    "region": "Ranebennur",
    "city": "Ranebennur",
    "state": "Karnataka",
    "stateCode": "KA",
    "district": "Haveri",
    "division": "Belagavi Division",
    "description": "The KA-68 Assistant Regional Transport Office (Ranebennur ARTO) handles vehicle registrations and transport services for this region in Haveri district.",
    "established": "N/A",
    "address": "Reg.No. 304-A/1A/1, Plot No.103, Siddeshwara Nagara, Haveri",
    "pinCode": "581115",
    "phone": "08373-260452",
    "email": "artoranebennur@gmail.com",
    "jurisdictionAreas": [
      "Ranebennur",
      "Hirekerur",
      "Byadagi"
    ]
  },
  {
    "code": "KA-69",
    "region": "Ramdurg",
    "city": "Ramdurg",
    "state": "Karnataka",
    "stateCode": "KA",
    "district": "Belagavi",
    "division": "Belagavi Division",
    "description": "The KA-69 Assistant Regional Transport Office (Ramdurg ARTO) handles vehicle registrations and transport services for this region in Belagavi district.",
    "established": "N/A",
    "address": "1st Floor, PWD Building, Behind Mini Vidhana Soudha, Ramadurga",
    "pinCode": "591123",
    "phone": "08335-242131",
    "email": "artormdg-ka69@gmail.com",
    "jurisdictionAreas": [
      "Ramdurg Taluk"
    ]
  },
  {
    "code": "KA-70",
    "region": "Bantwal",
    "city": "Bantwal",
    "state": "Karnataka",
    "stateCode": "KA",
    "district": "Dakshina Kannada",
    "division": "Shivamogga Division",
    "description": "The KA-70 Assistant Regional Transport Office (Bantwal ARTO) handles vehicle registrations and transport services for this region in Dakshina Kannada district.",
    "established": "N/A",
    "address": "No. 21-65/2, Birwa Tower, Melkar, Bantwala TQ & Post",
    "pinCode": "574231",
    "phone": "08255-280504",
    "email": "artobantwal@gmail.com",
    "jurisdictionAreas": [
      "Bantwal",
      "Belthangady"
    ]
  },
  {
    "code": "KA-71",
    "region": "Athani",
    "city": "Athani",
    "state": "Karnataka",
    "stateCode": "KA",
    "district": "Belagavi",
    "division": "Belagavi Division",
    "description": "The KA-71 Assistant Regional Transport Office (Athani ARTO) handles vehicle registrations and transport services for this region in Belagavi district.",
    "established": "N/A",
    "address": "ARTO, No. 1219/A/2A/4H, Athani-Gokak Road, Opposite to Yellamma Temple",
    "pinCode": "591304",
    "phone": "08289-295777",
    "email": "artoathani71@gmail.com",
    "jurisdictionAreas": [
      "Athani Taluk"
    ]
  }
]