{ "code": "KA-06", "region": "Tumakuru", "city": "Tumakuru", "state": "Karnataka", "stateCode": "KA", "district": "Tumakuru", "description": "The KA-06 RTO handles vehicle registrations, driving licenses, and transport regulations in the Tumakuru district, emphasizing road safety and efficient services.", "established": "N/A", "additionalInfo": "Covers Tumkur Town and Taluk, Kunigal and Gubbi Taluks." } { "code": "KA-07", "region": "Kolar", "city": "Kolar", "state": "Karnataka", "stateCode": "KA", "district": "Kolar", "description": "The KA-07 RTO serves the Kolar district, focusing on vehicle compliance, license issuance, and transport enforcement.", "established": "N/A", "additionalInfo": "Covers Kolar Town and Taluk, Srinivasapura and Mulbagal Taluks." } { "code": "KA-08", "region": "Kolar Gold Fields", "city": "Kolar Gold Fields", "state": "Karnataka", "stateCode": "KA", "district": "Kolar", "description": "The KA-08 RTO manages transport services in the Kolar Gold Fields area, with emphasis on mining-related vehicle regulations and safety.", "established": "N/A", "additionalInfo": "Covers K.G.F. Town, Bangarpet and Malur Taluks." } { "code": "KA-09", "region": "Mysuru West", "city": "Mysuru", "state": "Karnataka", "stateCode": "KA", "district": "Mysuru", "description": "The KA-09 RTO oversees western parts of Mysuru, ensuring smooth vehicle registrations and license processes.", "established": "N/A", "additionalInfo": "Covers Western Mysuru City Suburbs, Western parts of Mysuru Taluk and Nanjangud Taluk." } { "code": "KA-10", "region": "Chamarajanagar", "city": "Chamarajanagar", "state": "Karnataka", "stateCode": "KA", "district": "Chamarajanagara", "description": "The KA-10 RTO is dedicated to the entire Chamarajanagar district, promoting road safety and efficient transport administration.", "established": "N/A", "additionalInfo": "Covers entire Chamarajanagar District." } { "code": "KA-11", "region": "Mandya", "city": "Mandya", "state": "Karnataka", "stateCode": "KA", "district": "Mandya", "description": "The KA-11 RTO facilitates vehicle-related services in Mandya, with a focus on agricultural vehicle regulations.", "established": "N/A", "additionalInfo": "Covers Mandya Town and Taluk, Malavalli, Maddur, Srirangapatna and Pandavapura Taluks." } { "code": "KA-12", "region": "Madikeri", "city": "Madikeri", "state": "Karnataka", "stateCode": "KA", "district": "Kodagu", "description": "The KA-12 RTO serves the hilly Kodagu district, emphasizing eco-friendly transport practices.", "established": "N/A", "additionalInfo": "Covers entire Kodagu District." } { "code": "KA-13", "region": "Hassan", "city": "Hassan", "state": "Karnataka", "stateCode": "KA", "district": "Hassan", "description": "The KA-13 RTO manages transport in Hassan, supporting tourism and local mobility.", "established": "N/A", "additionalInfo": "Covers Hassan Town and Taluk, Arasikere, Holenarasipura, Channarayapatna and Arakalgud Taluks." } { "code": "KA-14", "region": "Shivamogga", "city": "Shivamogga", "state": "Karnataka", "stateCode": "KA", "district": "Shivamogga", "description": "The KA-14 RTO handles services in Shivamogga, focusing on riverine and forested areas.", "established": "N/A", "additionalInfo": "Covers Shivamogga Town and Taluk, Bhadravathi and Tirthahalli Taluks." } { "code": "KA-15", "region": "Sagara", "city": "Sagara", "state": "Karnataka", "stateCode": "KA", "district": "Shivamogga", "description": "The KA-15 RTO serves the Sagara region, ensuring compliance in rural transport.", "established": "N/A", "additionalInfo": "Covers Sagara Town and Taluk, Soraba, Shikaripura, and Hosanagar Taluks." } { "code": "KA-16", "region": "Chitradurga", "city": "Chitradurga", "state": "Karnataka", "stateCode": "KA", "district": "Chitradurga", "description": "The KA-16 RTO covers the entire Chitradurga district, promoting safe and regulated transport.", "established": "N/A", "additionalInfo": "Covers entire Chitradurga District." } { "code": "KA-17", "region": "Davanagere", "city": "Davanagere", "state": "Karnataka", "stateCode": "KA", "district": "Davanagere", "description": "The KA-17 RTO administers vehicle services across Davanagere district.", "established": "N/A", "additionalInfo": "Covers entire Davanagere District." } { "code": "KA-18", "region": "Chikkamagaluru", "city": "Chikkamagaluru", "state": "Karnataka", "stateCode": "KA", "district": "Chikkamagaluru", "description": "The KA-18 RTO focuses on the coffee-rich Chikkamagaluru district.", "established": "N/A", "additionalInfo": "Covers Chikkamagaluru, Mudigere, Sringeri as well as parts of Narsimharaja and Koppa Taluks." } { "code": "KA-19", "region": "Mangaluru", "city": "Mangaluru", "state": "Karnataka", "stateCode": "KA", "district": "Dakshina Kannada", "description": "The KA-19 RTO serves the coastal Mangaluru city and taluk.", "established": "N/A", "additionalInfo": "Covers Mangaluru City and Taluk." } { "code": "KA-20", "region": "Udupi", "city": "Udupi", "state": "Karnataka", "stateCode": "KA", "district": "Udupi", "description": "The KA-20 RTO covers the entire Udupi district, known for temples and beaches.", "established": "N/A", "additionalInfo": "Covers entire Udupi District." } { "code": "KA-21", "region": "Puttur", "city": "Puttur", "state": "Karnataka", "stateCode": "KA", "district": "Dakshina Kannada", "description": "The KA-21 RTO manages services in Puttur and surrounding taluks.", "established": "N/A", "additionalInfo": "Covers Puttur and Sullia Taluks." } { "code": "KA-22", "region": "Belagavi", "city": "Belagavi", "state": "Karnataka", "stateCode": "KA", "district": "Belagavi", "description": "The KA-22 RTO serves Belagavi town and nearby areas.", "established": "N/A", "additionalInfo": "Covers Belgaum Town and Taluk and Khanapur Taluk." } { "code": "KA-23", "region": "Chikkodi", "city": "Chikkodi", "state": "Karnataka", "stateCode": "KA", "district": "Belagavi", "description": "The KA-23 RTO covers Chikkodi and parts of neighboring taluks.", "established": "N/A", "additionalInfo": "Covers Chikkodi, and parts of Hukkeri and Raibag Taluks." } { "code": "KA-24", "region": "Bailhongal", "city": "Bailhongal", "state": "Karnataka", "stateCode": "KA", "district": "Belagavi", "description": "The KA-24 RTO handles transport in Bailhongal region.", "established": "N/A", "additionalInfo": "Covers Bailhongal, Kittur and parts of Saundatti Taluk." } { "code": "KA-25", "region": "Dharwad", "city": "Dharwad", "state": "Karnataka", "stateCode": "KA", "district": "Dharwad", "description": "The KA-25 RTO serves northern suburbs of Hubli-Dharwad.", "established": "N/A", "additionalInfo": "Covers Northern suburbs of Hubli-Dharwad City, Dharwad and parts of Navalgund and Kalghatgi Taluks." } { "code": "KA-26", "region": "Gadag", "city": "Gadag", "state": "Karnataka", "stateCode": "KA", "district": "Gadag", "description": "The KA-26 RTO covers the entire Gadag district.", "established": "N/A", "additionalInfo": "Covers entire Gadag District." } { "code": "KA-27", "region": "Haveri", "city": "Haveri", "state": "Karnataka", "stateCode": "KA", "district": "Haveri", "description": "The KA-27 RTO manages services in Haveri town and taluks.", "established": "N/A", "additionalInfo": "Covers Haveri Town and Taluk, Hanagal, Shiggaon and Savanoor." } { "code": "KA-28", "region": "Vijayapura", "city": "Vijayapura", "state": "Karnataka", "stateCode": "KA", "district": "Vijayapura", "description": "The KA-28 RTO serves the entire Vijayapura district.", "established": "N/A", "additionalInfo": "Covers entire Vijayapura District." } { "code": "KA-29", "region": "Bagalkote", "city": "Bagalkote", "state": "Karnataka", "stateCode": "KA", "district": "Bagalkote", "description": "The KA-29 RTO covers Bagalkote town and taluks.", "established": "N/A", "additionalInfo": "Covers Bagalkot Town and Taluk, Hunagund, Bilagi and Badami Taluks." } { "code": "KA-30", "region": "Karwar", "city": "Karwar", "state": "Karnataka", "stateCode": "KA", "district": "Uttara Kannada", "description": "The KA-30 RTO serves coastal Karwar and nearby areas.", "established": "N/A", "additionalInfo": "Covers Karwar Town and Taluk, Ankola and parts of Supa Taluks." } { "code": "KA-31", "region": "Sirsi", "city": "Sirsi", "state": "Karnataka", "stateCode": "KA", "district": "Uttara Kannada", "description": "The KA-31 RTO manages transport in Sirsi and taluks.", "established": "N/A", "additionalInfo": "Covers Sirsi, Siddapura, Yellapura, and Mundagod Taluks." } { "code": "KA-32", "region": "Kalaburagi", "city": "Kalaburagi", "state": "Karnataka", "stateCode": "KA", "district": "Kalaburagi", "description": "The KA-32 RTO covers the entire Kalaburagi district.", "established": "N/A", "additionalInfo": "Covers entire Kalaburagi District." } { "code": "KA-33", "region": "Yadgir", "city": "Yadgir", "state": "Karnataka", "stateCode": "KA", "district": "Yadgir", "description": "The KA-33 RTO serves the entire Yadgir district.", "established": "N/A", "additionalInfo": "Covers entire Yadgir District." } { "code": "KA-34", "region": "Ballari", "city": "Ballari", "state": "Karnataka", "stateCode": "KA", "district": "Ballari", "description": "The KA-34 RTO manages the entire Ballari district.", "established": "N/A", "additionalInfo": "Covers entire Ballari District." } { "code": "KA-35", "region": "Hosapete", "city": "Hosapete", "state": "Karnataka", "stateCode": "KA", "district": "Vijayanagara", "description": "The KA-35 RTO covers the entire Vijayanagara district.", "established": "N/A", "additionalInfo": "Covers entire Vijayanagara District." } { "code": "KA-36", "region": "Raichur", "city": "Raichur", "state": "Karnataka", "stateCode": "KA", "district": "Raichur", "description": "The KA-36 RTO serves the entire Raichur district.", "established": "N/A", "additionalInfo": "Covers entire Raichur District." } { "code": "KA-37", "region": "Koppal", "city": "Koppal", "state": "Karnataka", "stateCode": "KA", "district": "Koppal", "description": "The KA-37 RTO covers the entire Koppal district.", "established": "N/A", "additionalInfo": "Covers entire Koppal District." } { "code": "KA-38", "region": "Bidar", "city": "Bidar", "state": "Karnataka", "stateCode": "KA", "district": "Bidar", "description": "The KA-38 RTO serves Bidar town and taluks.", "established": "N/A", "additionalInfo": "Covers Bidar Town and Taluk, as well as Aurad Taluk." } { "code": "KA-39", "region": "Bhalki", "city": "Bhalki", "state": "Karnataka", "stateCode": "KA", "district": "Bidar", "description": "The KA-39 RTO manages Bhalki and nearby taluks.", "established": "N/A", "additionalInfo": "Covers Bhalki and Humnabad Taluks." } { "code": "KA-40", "region": "Chikkaballapura", "city": "Chikkaballapura", "state": "Karnataka", "stateCode": "KA", "district": "Chikkaballapura", "description": "The KA-40 RTO covers Chikkaballapura town and taluks.", "established": "N/A", "additionalInfo": "Covers Chikkaballapura Town and Taluk, Gauribidanur, Gudibande and parts of Sidlaghatta and Bagepalli Taluks." } { "code": "KA-41", "region": "Jnana Bharathi", "city": "Bengaluru", "state": "Karnataka", "stateCode": "KA", "district": "Bengaluru Urban", "description": "The KA-41 RTO serves western suburbs of Bengaluru.", "established": "N/A", "additionalInfo": "Covers Greater Bengaluru's western suburbs." } { "code": "KA-42", "region": "Ramanagara", "city": "Ramanagara", "state": "Karnataka", "stateCode": "KA", "district": "Ramanagara", "description": "The KA-42 RTO covers the entire Ramanagara district.", "established": "N/A", "additionalInfo": "Covers entire Ramanagara District." } { "code": "KA-43", "region": "Devanahalli", "city": "Devanahalli", "state": "Karnataka", "stateCode": "KA", "district": "Bengaluru Rural", "description": "The KA-43 RTO serves Devanahalli and nearby taluks.", "established": "N/A", "additionalInfo": "Covers Devanahalli and Doddaballapura Taluks." } { "code": "KA-44", "region": "Tiptur", "city": "Tiptur", "state": "Karnataka", "stateCode": "KA", "district": "Tumakuru", "description": "The KA-44 RTO manages Tiptur and taluks.", "established": "N/A", "additionalInfo": "Covers Tiptur, Turuvekere and Chikkanayakanahalli Taluks." } { "code": "KA-45", "region": "Hunsur", "city": "Hunsur", "state": "Karnataka", "stateCode": "KA", "district": "Mysuru", "description": "The KA-45 RTO covers Hunsur and surrounding taluks.", "established": "N/A", "additionalInfo": "Covers Hunsur, Piriyapatna, H.D. Kote and K.R. Nagar Taluks." } { "code": "KA-46", "region": "Sakleshpura", "city": "Sakleshpura", "state": "Karnataka", "stateCode": "KA", "district": "Hassan", "description": "The KA-46 RTO serves Sakleshpura and taluks.", "established": "N/A", "additionalInfo": "Covers Sakleshpura, Alur and Belur Taluks." } { "code": "KA-47", "region": "Honnavar", "city": "Honnavar", "state": "Karnataka", "stateCode": "KA", "district": "Uttara Kannada", "description": "The KA-47 RTO manages coastal Honnavar and taluks.", "established": "N/A", "additionalInfo": "Covers Honnavara, Bhatkal and Kumta Taluks." } { "code": "KA-48", "region": "Jamkhandi", "city": "Jamkhandi", "state": "Karnataka", "stateCode": "KA", "district": "Bagalkote", "description": "The KA-48 RTO covers Jamkhandi and taluks.", "established": "N/A", "additionalInfo": "Covers Jamkhandi and Mudhol Taluks." } { "code": "KA-49", "region": "Gokak", "city": "Gokak", "state": "Karnataka", "stateCode": "KA", "district": "Belagavi", "description": "The KA-49 RTO serves Gokak and parts of taluks.", "established": "N/A", "additionalInfo": "Covers Gokak and parts of Hukkeri Taluk." } { "code": "KA-50", "region": "Yelahanka", "city": "Bengaluru", "state": "Karnataka", "stateCode": "KA", "district": "Bengaluru Urban", "description": "The KA-50 RTO handles northern suburbs of Bengaluru.", "established": "N/A", "additionalInfo": "Covers Greater Bengaluru's northern suburbs." } { "code": "KA-51", "region": "Electronic City", "city": "Bengaluru", "state": "Karnataka", "stateCode": "KA", "district": "Bengaluru Urban", "description": "The KA-51 RTO serves southern suburbs of Bengaluru including tech hubs.", "established": "N/A", "additionalInfo": "Covers Greater Bengaluru's southern suburbs." } { "code": "KA-52", "region": "Nelamangala", "city": "Nelamangala", "state": "Karnataka", "stateCode": "KA", "district": "Bengaluru Rural", "description": "The KA-52 RTO covers Nelamangala taluk.", "established": "N/A", "additionalInfo": "Covers Nelamangala Taluk." } { "code": "KA-53", "region": "Krishnarajapuram", "city": "Bengaluru", "state": "Karnataka", "stateCode": "KA", "district": "Bengaluru Urban", "description": "The KA-53 RTO serves eastern suburbs of Bengaluru.", "established": "N/A", "additionalInfo": "Covers Greater Bengaluru's eastern suburbs and Hoskote Taluk in Bengaluru Rural District." } { "code": "KA-54", "region": "Nagamangala", "city": "Nagamangala", "state": "Karnataka", "stateCode": "KA", "district": "Mandya", "description": "The KA-54 RTO manages Nagamangala and taluks.", "established": "N/A", "additionalInfo": "Covers Nagamangala & K.R. Pet Taluks." } { "code": "KA-55", "region": "Mysuru East", "city": "Mysuru", "state": "Karnataka", "stateCode": "KA", "district": "Mysuru", "description": "The KA-55 RTO covers eastern suburbs of Mysuru.", "established": "N/A", "additionalInfo": "Covers Eastern Mysuru Suburbs, Eastern parts of Mysuru Taluk and T. Narasipura Taluk." } { "code": "KA-56", "region": "Basavakalyan", "city": "Basavakalyan", "state": "Karnataka", "stateCode": "KA", "district": "Bidar", "description": "The KA-56 RTO serves Basavakalyan taluk.", "established": "N/A", "additionalInfo": "Covers Basavakalyana Taluk." } { "code": "KA-57", "region": "Shantinagara", "city": "Bengaluru", "state": "Karnataka", "stateCode": "KA", "district": "Bengaluru Urban", "description": "The KA-57 RTO is for KSRTC and BMTC buses in Bengaluru.", "established": "N/A", "additionalInfo": "Only for 'KA-57 F' series exclusively for KSRTC and BMTC buses. Autorickshaw permits are also available here, although registration has to be done from Bengaluru's other RTOs." } { "code": "KA-58", "region": "Chamrajpet", "city": "Bengaluru", "state": "Karnataka", "stateCode": "KA", "district": "Bengaluru Urban", "description": "The KA-58 RTO serves the Chamrajpet area in Bengaluru.", "established": "N/A", "additionalInfo": "Covers Chamrajpet and surrounding areas in Bengaluru." } { "code": "KA-59", "region": "Banashankari", "city": "Bengaluru", "state": "Karnataka", "stateCode": "KA", "district": "Bengaluru Urban", "description": "The KA-59 RTO covers Banashankari and Anekal taluk in Bengaluru.", "established": "N/A", "additionalInfo": "Covers Anekal Taluk. Suburbs part of the Taluk but under BBMP limits can also avail services from this RTO." } { "code": "KA-60", "region": "RT Nagar", "city": "Bengaluru", "state": "Karnataka", "stateCode": "KA", "district": "Bengaluru Urban", "description": "The KA-60 RTO serves the RT Nagar area in Bengaluru.", "established": "N/A", "additionalInfo": "Covers RT Nagar and surrounding areas in Bengaluru." } { "code": "KA-61", "region": "Marathahalli", "city": "Bengaluru", "state": "Karnataka", "stateCode": "KA", "district": "Bengaluru Urban", "description": "The KA-61 RTO manages transport in Marathahalli, Bengaluru.", "established": "N/A", "additionalInfo": "Covers Marathahalli and eastern parts of Bengaluru." } { "code": "KA-62", "region": "Surathkal", "city": "Surathkal", "state": "Karnataka", "stateCode": "KA", "district": "Dakshina Kannada", "description": "The KA-62 RTO serves the Surathkal area near Mangaluru.", "established": "N/A", "additionalInfo": "Covers Surathkal and northern parts of Dakshina Kannada." } { "code": "KA-63", "region": "Hubli", "city": "Hubli", "state": "Karnataka", "stateCode": "KA", "district": "Dharwad", "description": "The KA-63 RTO covers southern suburbs of Hubli-Dharwad.", "established": "N/A", "additionalInfo": "Covers Southern suburbs of Hubli-Dharwad City, Hubli, Kundgol and parts of Navalgund and Kalghatgi Taluks." } { "code": "KA-64", "region": "Madhugiri", "city": "Madhugiri", "state": "Karnataka", "stateCode": "KA", "district": "Tumakuru", "description": "The KA-64 RTO manages Madhugiri and taluks.", "established": "N/A", "additionalInfo": "Covers Madhugiri, Sira, Koratagere and Pavagada Taluks." } { "code": "KA-65", "region": "Dandeli", "city": "Dandeli", "state": "Karnataka", "stateCode": "KA", "district": "Uttara Kannada", "description": "The KA-65 RTO serves Dandeli and forested taluks.", "established": "N/A", "additionalInfo": "Covers Dandeli, Supa and Haliyal Taluks." } { "code": "KA-66", "region": "Tarikere", "city": "Tarikere", "state": "Karnataka", "stateCode": "KA", "district": "Chikkamagaluru", "description": "The KA-66 RTO covers Tarikere and parts of taluks.", "established": "N/A", "additionalInfo": "Covers Tarikere, Kadur as well as parts of Narsimharaja and Koppa Taluks." } { "code": "KA-67", "region": "Chintamani", "city": "Chintamani", "state": "Karnataka", "stateCode": "KA", "district": "Chikkaballapura", "description": "The KA-67 RTO serves Chintamani and taluks.", "established": "N/A", "additionalInfo": "Covers Chintamani and parts of Sidlaghatta and Bagepalli Taluks." } { "code": "KA-68", "region": "Ranebennur", "city": "Ranebennur", "state": "Karnataka", "stateCode": "KA", "district": "Haveri", "description": "The KA-68 RTO covers Ranebennur town and taluks.", "established": "N/A", "additionalInfo": "Covers Ranebennur Town and Taluk, Hirekerur and Byadagi Taluks." } { "code": "KA-69", "region": "Ramdurg", "city": "Ramdurg", "state": "Karnataka", "stateCode": "KA", "district": "Belagavi", "description": "The KA-69 RTO manages Ramdurg and parts of taluks.", "established": "N/A", "additionalInfo": "Covers Ramdurg and parts of Saundatti Taluks." } { "code": "KA-70", "region": "Bantwal", "city": "Bantwal", "state": "Karnataka", "stateCode": "KA", "district": "Dakshina Kannada", "description": "The KA-70 RTO serves Bantwal and taluks.", "established": "N/A", "additionalInfo": "Covers Bantwal and Belthangady Taluks." }