[
  {
    "code": "AP-02",
    "region": "Ananthapuramu",
    "city": "Anantapur",
    "state": "Andhra Pradesh",
    "stateCode": "AP",
    "district": "Ananthapuramu",
    "division": "Ananthapuramu Division",
    "description": "AP-02 is the legacy RTO code for Ananthapuramu district in Andhra Pradesh. Since February 2019, Andhra Pradesh implemented the 'one state-one code' policy where all new vehicles are registered with AP-39/AP-40 series. This office continues to manage legacy AP-02 registrations and provide regional transport services.",
    "status": "not-in-use",
    "redirectTo": "AP-39",
    "established": "N/A",
    "address": "Regional Transport Office, Bhairava Nagar, Near JNTU Engineering College, Anantapur, Andhra Pradesh",
    "pinCode": "515002",
    "phone": "N/A",
    "email": "N/A",
    "jurisdictionAreas": [
      "Anantapur",
      "Gooty",
      "Tadipatri",
      "Dharmavaram",
      "Kalyandurg",
      "Rayadurg",
      "Uravakonda"
    ]
  },
  {
    "code": "AP-03",
    "region": "Chittoor",
    "city": "Chittoor",
    "state": "Andhra Pradesh",
    "stateCode": "AP",
    "district": "Chittoor",
    "division": "Rayalaseema",
    "description": "AP-03 is the legacy RTO code for Chittoor district in Andhra Pradesh. Since February 2019, the state implemented the 'one state-one code' policy where all new vehicles are registered with AP-39/AP-40 series. This office continues to manage legacy AP-03 registrations.",
    "status": "not-in-use",
    "redirectTo": "AP-39",
    "established": "N/A",
    "address": "No. 1 & 2, Industrial Estate, Puttur Road, Chittoor, Andhra Pradesh",
    "pinCode": "517001",
    "phone": "N/A",
    "email": "N/A",
    "jurisdictionAreas": [
      "Chittoor",
      "Tirupati",
      "Madanapalle",
      "Palamaner",
      "Punganur",
      "Nagari",
      "Srikalahasti",
      "Chandragiri"
    ]
  },
  {
    "code": "AP-04",
    "region": "Kadapa",
    "city": "Kadapa",
    "state": "Andhra Pradesh",
    "stateCode": "AP",
    "district": "YSR Kadapa",
    "division": "Kadapa",
    "description": "AP-04 is the legacy RTO code for YSR Kadapa district in Andhra Pradesh. Since February 2019, the state implemented the 'one state-one code' policy where all new vehicles are registered with AP-39/AP-40 series. This office continues to manage legacy AP-04 registrations.",
    "status": "not-in-use",
    "redirectTo": "AP-39",
    "established": "N/A",
    "address": "Uttukur, Chintha Komma Dinne Mandal, Kadapa, Andhra Pradesh",
    "pinCode": "516003",
    "phone": "N/A",
    "email": "N/A",
    "jurisdictionAreas": [
      "Kadapa",
      "Proddutur",
      "Pulivendula",
      "Rayachoti",
      "Rajampet",
      "Badvel",
      "Mydukur",
      "Jammalamadugu"
    ]
  },
  {
    "code": "AP-05",
    "region": "Kakinada",
    "city": "Kakinada",
    "state": "Andhra Pradesh",
    "stateCode": "AP",
    "district": "East Godavari",
    "division": "Kakinada",
    "description": "AP-05 is the legacy RTO code for East Godavari district (headquarters in Kakinada) in Andhra Pradesh. Since February 2019, the state implemented the 'one state-one code' policy where all new vehicles are registered with AP-39/AP-40 series. This office continues to manage legacy AP-05 registrations.",
    "status": "not-in-use",
    "redirectTo": "AP-39",
    "established": "1989",
    "address": "RTO Office, Kakinada-Pithapuram Road, Near Collectorate, Kakinada, East Godavari, Andhra Pradesh",
    "pinCode": "533001",
    "phone": "0884-2376226",
    "email": "rto_kakinada@aptransport.org",
    "jurisdictionAreas": [
      "Kakinada",
      "Kakinada Rural",
      "Samalkot",
      "Pithapuram",
      "Gollaprolu",
      "Karapa",
      "Peddapuram"
    ]
  },
  {
    "code": "AP-07",
    "region": "Guntur",
    "city": "Guntur",
    "state": "Andhra Pradesh",
    "stateCode": "AP",
    "district": "Guntur",
    "division": "Guntur",
    "description": "AP-07 is the legacy RTO code for Guntur district in Andhra Pradesh. Since February 2019, the state implemented the 'one state-one code' policy where all new vehicles are registered with AP-39/AP-40 series. This office continues to manage legacy AP-07 registrations.",
    "status": "not-in-use",
    "redirectTo": "AP-39",
    "established": "1989",
    "address": "Regional Transport Office, J.K.C College Road, Swarnabharathi Nagar, Guntur, Andhra Pradesh",
    "pinCode": "522006",
    "phone": "N/A",
    "email": "N/A",
    "jurisdictionAreas": [
      "Guntur City",
      "Narasaraopet",
      "Piduguralla",
      "Repalle",
      "Tenali",
      "Bapatla",
      "Sattenapalle",
      "Vinukonda"
    ]
  },
  {
    "code": "AP-16",
    "region": "Vijayawada",
    "city": "Vijayawada",
    "state": "Andhra Pradesh",
    "stateCode": "AP",
    "district": "Krishna",
    "division": "Krishna",
    "description": "AP-16 is the legacy RTO code for Krishna district in Andhra Pradesh. The RTO was located in Vijayawada, the former district headquarters of undivided Krishna District. Since February 2019, the state implemented the 'one state-one code' policy where all new vehicles are registered with AP-39/AP-40 series.",
    "status": "not-in-use",
    "redirectTo": "AP-39",
    "established": "N/A",
    "address": "Regional Transport Office, Vijayawada, Krishna District, Andhra Pradesh",
    "pinCode": "520001",
    "phone": "N/A",
    "email": "N/A",
    "jurisdictionAreas": [
      "Vijayawada",
      "Machilipatnam",
      "Gudivada",
      "Nuzvid"
    ]
  },
  {
    "code": "AP-21",
    "region": "Kurnool",
    "city": "Kurnool",
    "state": "Andhra Pradesh",
    "stateCode": "AP",
    "district": "Kurnool",
    "division": "Kurnool",
    "description": "AP-21 is the legacy RTO code for Kurnool district in Andhra Pradesh. Since February 2019, the state implemented the 'one state-one code' policy where all new vehicles are registered with AP-39/AP-40 series. This office continues to manage legacy AP-21 registrations.",
    "status": "not-in-use",
    "redirectTo": "AP-39",
    "established": "N/A",
    "address": "Regional Transport Office, Kurnool, Andhra Pradesh",
    "pinCode": "518001",
    "phone": "N/A",
    "email": "N/A",
    "jurisdictionAreas": [
      "Kurnool",
      "Nandyal",
      "Adoni",
      "Yemmiganur"
    ]
  },
  {
    "code": "AP-26",
    "region": "Nellore",
    "city": "Nellore",
    "state": "Andhra Pradesh",
    "stateCode": "AP",
    "district": "Sri Potti Sriramulu Nellore",
    "division": "Nellore",
    "description": "AP-26 is the legacy RTO code for Nellore district (now Sri Potti Sriramulu Nellore) in Andhra Pradesh. Since February 2019, the state implemented the 'one state-one code' policy where all new vehicles are registered with AP-39/AP-40 series. This office continues to manage legacy AP-26 registrations.",
    "status": "not-in-use",
    "redirectTo": "AP-39",
    "established": "N/A",
    "address": "Regional Transport Office, Nellore, Andhra Pradesh",
    "pinCode": "524001",
    "phone": "N/A",
    "email": "N/A",
    "jurisdictionAreas": [
      "Nellore",
      "Kavali",
      "Gudur",
      "Atmakur"
    ]
  },
  {
    "code": "AP-27",
    "region": "Ongole",
    "city": "Ongole",
    "state": "Andhra Pradesh",
    "stateCode": "AP",
    "district": "Prakasam",
    "division": "Prakasam",
    "description": "AP-27 is the legacy RTO code for Prakasam district in Andhra Pradesh. Since February 2019, the state implemented the 'one state-one code' policy where all new vehicles are registered with AP-39/AP-40 series. This office continues to manage legacy AP-27 registrations.",
    "status": "not-in-use",
    "redirectTo": "AP-39",
    "established": "N/A",
    "address": "Regional Transport Office, Ongole, Prakasam District, Andhra Pradesh",
    "pinCode": "523001",
    "phone": "N/A",
    "email": "N/A",
    "jurisdictionAreas": [
      "Ongole",
      "Markapur",
      "Chirala",
      "Kandukur"
    ]
  },
  {
    "code": "AP-30",
    "region": "Srikakulam",
    "city": "Srikakulam",
    "state": "Andhra Pradesh",
    "stateCode": "AP",
    "district": "Srikakulam",
    "division": "Srikakulam",
    "description": "AP-30 is the legacy RTO code for Srikakulam district in Andhra Pradesh. Since February 2019, the state implemented the 'one state-one code' policy where all new vehicles are registered with AP-39/AP-40 series. This office continues to manage legacy AP-30 registrations.",
    "status": "not-in-use",
    "redirectTo": "AP-39",
    "established": "N/A",
    "address": "Regional Transport Office, Srikakulam, Andhra Pradesh",
    "pinCode": "532001",
    "phone": "N/A",
    "email": "N/A",
    "jurisdictionAreas": [
      "Srikakulam",
      "Palasa",
      "Tekkali",
      "Narasannapeta"
    ]
  },
  {
    "code": "AP-31",
    "region": "Visakhapatnam",
    "city": "Visakhapatnam",
    "state": "Andhra Pradesh",
    "stateCode": "AP",
    "district": "Visakhapatnam",
    "division": "Visakhapatnam",
    "description": "AP-31 is the legacy RTO code for Visakhapatnam district in Andhra Pradesh. AP-32, AP-33, and AP-34 were also reserved for Visakhapatnam with only few vehicles getting these registrations. Since February 2019, the state implemented the 'one state-one code' policy where all new vehicles are registered with AP-39/AP-40 series.",
    "status": "not-in-use",
    "redirectTo": "AP-39",
    "established": "N/A",
    "address": "Regional Transport Office, Visakhapatnam, Andhra Pradesh",
    "pinCode": "530003",
    "phone": "N/A",
    "email": "N/A",
    "jurisdictionAreas": [
      "Visakhapatnam",
      "Anakapalli",
      "Bheemunipatnam",
      "Gajuwaka"
    ]
  },
  {
    "code": "AP-35",
    "region": "Vizianagaram",
    "city": "Vizianagaram",
    "state": "Andhra Pradesh",
    "stateCode": "AP",
    "district": "Vizianagaram",
    "division": "Vizianagaram",
    "description": "AP-35 is the legacy RTO code for Vizianagaram district in Andhra Pradesh. Since February 2019, the state implemented the 'one state-one code' policy where all new vehicles are registered with AP-39/AP-40 series. This office continues to manage legacy AP-35 registrations.",
    "status": "not-in-use",
    "redirectTo": "AP-39",
    "established": "N/A",
    "address": "Regional Transport Office, Vizianagaram, Andhra Pradesh",
    "pinCode": "535001",
    "phone": "N/A",
    "email": "N/A",
    "jurisdictionAreas": [
      "Vizianagaram",
      "Bobbili",
      "Parvathipuram",
      "Salur"
    ]
  },
  {
    "code": "AP-37",
    "region": "Eluru",
    "city": "Eluru",
    "state": "Andhra Pradesh",
    "stateCode": "AP",
    "district": "West Godavari",
    "division": "Eluru",
    "description": "AP-37 is the legacy RTO code for West Godavari district in Andhra Pradesh. The RTO was located in Eluru, the former district headquarters of undivided West Godavari District. Since February 2019, the state implemented the 'one state-one code' policy where all new vehicles are registered with AP-39/AP-40 series.",
    "status": "not-in-use",
    "redirectTo": "AP-39",
    "established": "N/A",
    "address": "Regional Transport Office, Eluru, West Godavari District, Andhra Pradesh",
    "pinCode": "534001",
    "phone": "N/A",
    "email": "N/A",
    "jurisdictionAreas": [
      "Eluru",
      "Tanuku",
      "Bhimavaram",
      "Tadepalligudem"
    ]
  },
  {
    "code": "AP-39",
    "region": "Andhra Pradesh State",
    "city": "Vijayawada",
    "state": "Andhra Pradesh",
    "stateCode": "AP",
    "district": "State-wide",
    "division": "State Transport Authority",
    "description": "AP-39 is the primary unified vehicle registration code for the entire state of Andhra Pradesh. Since February 2019, Andhra Pradesh became the first state in India to implement the 'one state-one code' policy. All new vehicles across all districts are now registered with the AP-39 series, streamlining the registration process and enabling uniform identification across the state.",
    "status": "active",
    "established": "2019",
    "address": "State Transport Authority, Andhra Pradesh",
    "pinCode": "N/A",
    "phone": "N/A",
    "email": "N/A",
    "jurisdictionAreas": [
      "Tirupati district",
      "Krishna district",
      "NTR district",
      "Vizianagaram district",
      "Visakhapatnam district",
      "Alluri Sitharama Raju district",
      "Anakapalli district",
      "Kakinada district",
      "East Godavari district",
      "Konaseema district",
      "Eluru district",
      "West Godavari district",
      "Palnadu district",
      "Guntur district",
      "Bapatla district",
      "Prakasam district",
      "Sri Potti Sriramulu Nellore district",
      "Kurnool district",
      "Nandyal district",
      "Anantapur district",
      "Sri Sathya Sai district",
      "YSR district",
      "Annamayya district",
      "Parvathipuram Manyam district",
      "Srikakulam district",
      "Chittoor district"
    ],
    "isDistrictHeadquarter": true
  },
  {
    "code": "AP-40",
    "region": "Andhra Pradesh State",
    "city": "Vijayawada",
    "state": "Andhra Pradesh",
    "stateCode": "AP",
    "district": "State-wide",
    "division": "State Transport Authority",
    "description": "AP-40 is an additional unified vehicle registration code for Andhra Pradesh, launched in 2023 to supplement the AP-39 series. As the AP-39 series approached capacity limits, the state government introduced AP-40 to continue the 'one state-one code' policy. Both AP-39 and AP-40 are valid for new vehicle registrations across all districts.",
    "status": "active",
    "established": "2023",
    "address": "State Transport Authority, Andhra Pradesh",
    "pinCode": "N/A",
    "phone": "N/A",
    "email": "N/A",
    "jurisdictionAreas": [
      "Tirupati district",
      "Krishna district",
      "NTR district",
      "Vizianagaram district",
      "Visakhapatnam district",
      "Alluri Sitharama Raju district",
      "Anakapalli district",
      "Kakinada district",
      "East Godavari district",
      "Konaseema district",
      "Eluru district",
      "West Godavari district",
      "Palnadu district",
      "Guntur district",
      "Bapatla district",
      "Prakasam district",
      "Sri Potti Sriramulu Nellore district",
      "Kurnool district",
      "Nandyal district",
      "Anantapur district",
      "Sri Sathya Sai district",
      "YSR district",
      "Annamayya district",
      "Parvathipuram Manyam district",
      "Srikakulam district",
      "Chittoor district"
    ],
    "isDistrictHeadquarter": true
  }
]